Mihajlo,Mihajlo,Brankovic,mihajlo.brankovic@yoterra.com
Naima,Naima,Chokri,naima.chokri@yoterra.com
Dragan,Dragan,Vujovic,dragan.vujovic@yoterra.com
Marija,Marija,Cejovic,marija.cejovic@yoterra.com
Janko,Janko,Ilic,janko.ilic@yoterra.com
Gordana,Gordana,Vujovic,gordana.vujovic@yoterra.com
Derek,Derek,Pappas,derekepappas@gmail.com
